date1,fmc_id
2019/1/1,projects/ee-hznu-fmc-v2/assets/2019-01-01_FMC
2019/1/2,projects/ee-hznu-fmc-v2/assets/2019-01-02_FMC
2019/1/3,projects/ee-hznu-fmc-v2/assets/2019-01-03_FMC
2019/1/4,projects/ee-hznu-fmc-v2/assets/2019-01-04_FMC
2019/1/5,projects/ee-hznu-fmc-v2/assets/2019-01-05_FMC
2019/1/6,projects/ee-hznu-fmc-v2/assets/2019-01-06_FMC
2019/1/7,projects/ee-hznu-fmc-v2/assets/2019-01-07_FMC
2019/1/8,projects/ee-hznu-fmc-v2/assets/2019-01-08_FMC
2019/1/9,projects/ee-hznu-fmc-v2/assets/2019-01-09_FMC
2019/1/10,projects/ee-hznu-fmc-v2/assets/2019-01-10_FMC
2019/1/11,projects/ee-hznu-fmc-v2/assets/2019-01-11_FMC
2019/1/12,projects/ee-hznu-fmc-v2/assets/2019-01-12_FMC
2019/1/13,projects/ee-hznu-fmc-v2/assets/2019-01-13_FMC
2019/1/14,projects/ee-hznu-fmc-v2/assets/2019-01-14_FMC
2019/1/15,projects/ee-hznu-fmc-v2/assets/2019-01-15_FMC
2019/1/16,projects/ee-hznu-fmc-v2/assets/2019-01-16_FMC
2019/1/17,projects/ee-hznu-fmc-v2/assets/2019-01-17_FMC
2019/1/18,projects/ee-hznu-fmc-v2/assets/2019-01-18_FMC
2019/1/19,projects/ee-hznu-fmc-v2/assets/2019-01-19_FMC
2019/1/20,projects/ee-hznu-fmc-v2/assets/2019-01-20_FMC
2019/1/21,projects/ee-hznu-fmc-v2/assets/2019-01-21_FMC
2019/1/22,projects/ee-hznu-fmc-v2/assets/2019-01-22_FMC
2019/1/23,projects/ee-hznu-fmc-v2/assets/2019-01-23_FMC
2019/1/24,projects/ee-hznu-fmc-v2/assets/2019-01-24_FMC
2019/1/25,projects/ee-hznu-fmc-v2/assets/2019-01-25_FMC
2019/1/26,projects/ee-hznu-fmc-v2/assets/2019-01-26_FMC
2019/1/27,projects/ee-hznu-fmc-v2/assets/2019-01-27_FMC
2019/1/28,projects/ee-hznu-fmc-v2/assets/2019-01-28_FMC
2019/1/29,projects/ee-hznu-fmc-v2/assets/2019-01-29_FMC
2019/1/30,projects/ee-hznu-fmc-v2/assets/2019-01-30_FMC
2019/1/31,projects/ee-hznu-fmc-v2/assets/2019-01-31_FMC
2019/2/1,projects/ee-hznu-fmc-v2/assets/2019-02-01_FMC
2019/2/2,projects/ee-hznu-fmc-v2/assets/2019-02-02_FMC
2019/2/3,projects/ee-hznu-fmc-v2/assets/2019-02-03_FMC
2019/2/4,projects/ee-hznu-fmc-v2/assets/2019-02-04_FMC
2019/2/5,projects/ee-hznu-fmc-v2/assets/2019-02-05_FMC
2019/2/6,projects/ee-hznu-fmc-v2/assets/2019-02-06_FMC
2019/2/7,projects/ee-hznu-fmc-v2/assets/2019-02-07_FMC
2019/2/8,projects/ee-hznu-fmc-v2/assets/2019-02-08_FMC
2019/2/9,projects/ee-hznu-fmc-v2/assets/2019-02-09_FMC
2019/2/10,projects/ee-hznu-fmc-v2/assets/2019-02-10_FMC
2019/2/11,projects/ee-hznu-fmc-v2/assets/2019-02-11_FMC
2019/2/12,projects/ee-hznu-fmc-v2/assets/2019-02-12_FMC
2019/2/13,projects/ee-hznu-fmc-v2/assets/2019-02-13_FMC
2019/2/14,projects/ee-hznu-fmc-v2/assets/2019-02-14_FMC
2019/2/15,projects/ee-hznu-fmc-v2/assets/2019-02-15_FMC
2019/2/16,projects/ee-hznu-fmc-v2/assets/2019-02-16_FMC
2019/2/17,projects/ee-hznu-fmc-v2/assets/2019-02-17_FMC
2019/2/18,projects/ee-hznu-fmc-v2/assets/2019-02-18_FMC
2019/2/19,projects/ee-hznu-fmc-v2/assets/2019-02-19_FMC
2019/2/20,projects/ee-hznu-fmc-v2/assets/2019-02-20_FMC
2019/2/21,projects/ee-hznu-fmc-v2/assets/2019-02-21_FMC
2019/2/22,projects/ee-hznu-fmc-v2/assets/2019-02-22_FMC
2019/2/23,projects/ee-hznu-fmc-v2/assets/2019-02-23_FMC
2019/2/24,projects/ee-hznu-fmc-v2/assets/2019-02-24_FMC
2019/2/25,projects/ee-hznu-fmc-v2/assets/2019-02-25_FMC
2019/2/26,projects/ee-hznu-fmc-v2/assets/2019-02-26_FMC
2019/2/27,projects/ee-hznu-fmc-v2/assets/2019-02-27_FMC
2019/2/28,projects/ee-hznu-fmc-v2/assets/2019-02-28_FMC
2019/3/1,projects/ee-hznu-fmc-v2/assets/2019-03-01_FMC
2019/3/2,projects/ee-hznu-fmc-v2/assets/2019-03-02_FMC
2019/3/3,projects/ee-hznu-fmc-v2/assets/2019-03-03_FMC
2019/3/4,projects/ee-hznu-fmc-v2/assets/2019-03-04_FMC
2019/3/5,projects/ee-hznu-fmc-v2/assets/2019-03-05_FMC
2019/3/6,projects/ee-hznu-fmc-v2/assets/2019-03-06_FMC
2019/3/7,projects/ee-hznu-fmc-v2/assets/2019-03-07_FMC
2019/3/8,projects/ee-hznu-fmc-v2/assets/2019-03-08_FMC
2019/3/9,projects/ee-hznu-fmc-v2/assets/2019-03-09_FMC
2019/3/10,projects/ee-hznu-fmc-v2/assets/2019-03-10_FMC
2019/3/11,projects/ee-hznu-fmc-v2/assets/2019-03-11_FMC
2019/3/12,projects/ee-hznu-fmc-v2/assets/2019-03-12_FMC
2019/3/13,projects/ee-hznu-fmc-v2/assets/2019-03-13_FMC
2019/3/14,projects/ee-hznu-fmc-v2/assets/2019-03-14_FMC
2019/3/15,projects/ee-hznu-fmc-v2/assets/2019-03-15_FMC
2019/3/16,projects/ee-hznu-fmc-v2/assets/2019-03-16_FMC
2019/3/17,projects/ee-hznu-fmc-v2/assets/2019-03-17_FMC
2019/3/18,projects/ee-hznu-fmc-v2/assets/2019-03-18_FMC
2019/3/19,projects/ee-hznu-fmc-v2/assets/2019-03-19_FMC
2019/3/20,projects/ee-hznu-fmc-v2/assets/2019-03-20_FMC
2019/3/21,projects/ee-hznu-fmc-v2/assets/2019-03-21_FMC
2019/3/22,projects/ee-hznu-fmc-v2/assets/2019-03-22_FMC
2019/3/23,projects/ee-hznu-fmc-v2/assets/2019-03-23_FMC
2019/3/24,projects/ee-hznu-fmc-v2/assets/2019-03-24_FMC
2019/3/25,projects/ee-hznu-fmc-v2/assets/2019-03-25_FMC
2019/3/26,projects/ee-hznu-fmc-v2/assets/2019-03-26_FMC
2019/3/27,projects/ee-hznu-fmc-v2/assets/2019-03-27_FMC
2019/3/28,projects/ee-hznu-fmc-v2/assets/2019-03-28_FMC
2019/3/29,projects/ee-hznu-fmc-v2/assets/2019-03-29_FMC
2019/3/30,projects/ee-hznu-fmc-v2/assets/2019-03-30_FMC
2019/3/31,projects/ee-hznu-fmc-v2/assets/2019-03-31_FMC
2019/4/1,projects/ee-hznu-fmc-v2/assets/2019-04-01_FMC
2019/4/2,projects/ee-hznu-fmc-v2/assets/2019-04-02_FMC
2019/4/3,projects/ee-hznu-fmc-v2/assets/2019-04-03_FMC
2019/4/4,projects/ee-hznu-fmc-v2/assets/2019-04-04_FMC
2019/4/5,projects/ee-hznu-fmc-v2/assets/2019-04-05_FMC
2019/4/6,projects/ee-hznu-fmc-v2/assets/2019-04-06_FMC
2019/4/7,projects/ee-hznu-fmc-v2/assets/2019-04-07_FMC
2019/4/8,projects/ee-hznu-fmc-v2/assets/2019-04-08_FMC
2019/4/9,projects/ee-hznu-fmc-v2/assets/2019-04-09_FMC
2019/4/10,projects/ee-hznu-fmc-v2/assets/2019-04-10_FMC
2019/4/11,projects/ee-hznu-fmc-v2/assets/2019-04-11_FMC
2019/4/12,projects/ee-hznu-fmc-v2/assets/2019-04-12_FMC
2019/4/13,projects/ee-hznu-fmc-v2/assets/2019-04-13_FMC
2019/4/14,projects/ee-hznu-fmc-v2/assets/2019-04-14_FMC
2019/4/15,projects/ee-hznu-fmc-v2/assets/2019-04-15_FMC
2019/4/16,projects/ee-hznu-fmc-v2/assets/2019-04-16_FMC
2019/4/17,projects/ee-hznu-fmc-v2/assets/2019-04-17_FMC
2019/4/18,projects/ee-hznu-fmc-v2/assets/2019-04-18_FMC
2019/4/19,projects/ee-hznu-fmc-v2/assets/2019-04-19_FMC
2019/4/20,projects/ee-hznu-fmc-v2/assets/2019-04-20_FMC
2019/4/21,projects/ee-hznu-fmc-v2/assets/2019-04-21_FMC
2019/4/22,projects/ee-hznu-fmc-v2/assets/2019-04-22_FMC
2019/4/23,projects/ee-hznu-fmc-v2/assets/2019-04-23_FMC
2019/4/24,projects/ee-hznu-fmc-v2/assets/2019-04-24_FMC
2019/4/25,projects/ee-hznu-fmc-v2/assets/2019-04-25_FMC
2019/4/26,projects/ee-hznu-fmc-v2/assets/2019-04-26_FMC
2019/4/27,projects/ee-hznu-fmc-v2/assets/2019-04-27_FMC
2019/4/28,projects/ee-hznu-fmc-v2/assets/2019-04-28_FMC
2019/4/29,projects/ee-hznu-fmc-v2/assets/2019-04-29_FMC
2019/4/30,projects/ee-hznu-fmc-v2/assets/2019-04-30_FMC
2019/5/1,projects/ee-hznu-fmc-v2/assets/2019-05-01_FMC
2019/5/2,projects/ee-hznu-fmc-v2/assets/2019-05-02_FMC
2019/5/3,projects/ee-hznu-fmc-v2/assets/2019-05-03_FMC
2019/5/4,projects/ee-hznu-fmc-v2/assets/2019-05-04_FMC
2019/5/5,projects/ee-hznu-fmc-v2/assets/2019-05-05_FMC
2019/5/6,projects/ee-hznu-fmc-v2/assets/2019-05-06_FMC
2019/5/7,projects/ee-hznu-fmc-v2/assets/2019-05-07_FMC
2019/5/8,projects/ee-hznu-fmc-v2/assets/2019-05-08_FMC
2019/5/9,projects/ee-hznu-fmc-v2/assets/2019-05-09_FMC
2019/5/10,projects/ee-hznu-fmc-v2/assets/2019-05-10_FMC
2019/5/11,projects/ee-hznu-fmc-v2/assets/2019-05-11_FMC
2019/5/12,projects/ee-hznu-fmc-v2/assets/2019-05-12_FMC
2019/5/13,projects/ee-hznu-fmc-v2/assets/2019-05-13_FMC
2019/5/14,projects/ee-hznu-fmc-v2/assets/2019-05-14_FMC
2019/5/15,projects/ee-hznu-fmc-v2/assets/2019-05-15_FMC
2019/5/16,projects/ee-hznu-fmc-v2/assets/2019-05-16_FMC
2019/5/17,projects/ee-hznu-fmc-v2/assets/2019-05-17_FMC
2019/5/18,projects/ee-hznu-fmc-v2/assets/2019-05-18_FMC
2019/5/19,projects/ee-hznu-fmc-v2/assets/2019-05-19_FMC
2019/5/20,projects/ee-hznu-fmc-v2/assets/2019-05-20_FMC
2019/5/21,projects/ee-hznu-fmc-v2/assets/2019-05-21_FMC
2019/5/22,projects/ee-hznu-fmc-v2/assets/2019-05-22_FMC
2019/5/23,projects/ee-hznu-fmc-v2/assets/2019-05-23_FMC
2019/5/24,projects/ee-hznu-fmc-v2/assets/2019-05-24_FMC
2019/5/25,projects/ee-hznu-fmc-v2/assets/2019-05-25_FMC
2019/5/26,projects/ee-hznu-fmc-v2/assets/2019-05-26_FMC
2019/5/27,projects/ee-hznu-fmc-v2/assets/2019-05-27_FMC
2019/5/28,projects/ee-hznu-fmc-v2/assets/2019-05-28_FMC
2019/5/29,projects/ee-hznu-fmc-v2/assets/2019-05-29_FMC
2019/5/30,projects/ee-hznu-fmc-v2/assets/2019-05-30_FMC
2019/5/31,projects/ee-hznu-fmc-v2/assets/2019-05-31_FMC
2019/6/1,projects/ee-hznu-fmc-v2/assets/2019-06-01_FMC
2019/6/2,projects/ee-hznu-fmc-v2/assets/2019-06-02_FMC
2019/6/3,projects/ee-hznu-fmc-v2/assets/2019-06-03_FMC
2019/6/4,projects/ee-hznu-fmc-v2/assets/2019-06-04_FMC
2019/6/5,projects/ee-hznu-fmc-v2/assets/2019-06-05_FMC
2019/6/6,projects/ee-hznu-fmc-v2/assets/2019-06-06_FMC
2019/6/7,projects/ee-hznu-fmc-v2/assets/2019-06-07_FMC
2019/6/8,projects/ee-hznu-fmc-v2/assets/2019-06-08_FMC
2019/6/9,projects/ee-hznu-fmc-v2/assets/2019-06-09_FMC
2019/6/10,projects/ee-hznu-fmc-v2/assets/2019-06-10_FMC
2019/6/11,projects/ee-hznu-fmc-v2/assets/2019-06-11_FMC
2019/6/12,projects/ee-hznu-fmc-v2/assets/2019-06-12_FMC
2019/6/13,projects/ee-hznu-fmc-v2/assets/2019-06-13_FMC
2019/6/14,projects/ee-hznu-fmc-v2/assets/2019-06-14_FMC
2019/6/15,projects/ee-hznu-fmc-v2/assets/2019-06-15_FMC
2019/6/16,projects/ee-hznu-fmc-v2/assets/2019-06-16_FMC
2019/6/17,projects/ee-hznu-fmc-v2/assets/2019-06-17_FMC
2019/6/18,projects/ee-hznu-fmc-v2/assets/2019-06-18_FMC
2019/6/19,projects/ee-hznu-fmc-v2/assets/2019-06-19_FMC
2019/6/20,projects/ee-hznu-fmc-v2/assets/2019-06-20_FMC
2019/6/21,projects/ee-hznu-fmc-v2/assets/2019-06-21_FMC
2019/6/22,projects/ee-hznu-fmc-v2/assets/2019-06-22_FMC
2019/6/23,projects/ee-hznu-fmc-v2/assets/2019-06-23_FMC
2019/6/24,projects/ee-hznu-fmc-v2/assets/2019-06-24_FMC
2019/6/25,projects/ee-hznu-fmc-v2/assets/2019-06-25_FMC
2019/6/26,projects/ee-hznu-fmc-v2/assets/2019-06-26_FMC
2019/6/27,projects/ee-hznu-fmc-v2/assets/2019-06-27_FMC
2019/6/28,projects/ee-hznu-fmc-v2/assets/2019-06-28_FMC
2019/6/29,projects/ee-hznu-fmc-v2/assets/2019-06-29_FMC
2019/6/30,projects/ee-hznu-fmc-v2/assets/2019-06-30_FMC
2019/7/1,projects/ee-hznu-fmc-v2/assets/2019-07-01_FMC
2019/7/2,projects/ee-hznu-fmc-v2/assets/2019-07-02_FMC
2019/7/3,projects/ee-hznu-fmc-v2/assets/2019-07-03_FMC
2019/7/4,projects/ee-hznu-fmc-v2/assets/2019-07-04_FMC
2019/7/5,projects/ee-hznu-fmc-v2/assets/2019-07-05_FMC
2019/7/6,projects/ee-hznu-fmc-v2/assets/2019-07-06_FMC
2019/7/7,projects/ee-hznu-fmc-v2/assets/2019-07-07_FMC
2019/7/8,projects/ee-hznu-fmc-v2/assets/2019-07-08_FMC
2019/7/9,projects/ee-hznu-fmc-v2/assets/2019-07-09_FMC
2019/7/10,projects/ee-hznu-fmc-v2/assets/2019-07-10_FMC
2019/7/11,projects/ee-hznu-fmc-v2/assets/2019-07-11_FMC
2019/7/12,projects/ee-hznu-fmc-v2/assets/2019-07-12_FMC
2019/7/13,projects/ee-hznu-fmc-v2/assets/2019-07-13_FMC
2019/7/14,projects/ee-hznu-fmc-v2/assets/2019-07-14_FMC
2019/7/15,projects/ee-hznu-fmc-v2/assets/2019-07-15_FMC
2019/7/16,projects/ee-hznu-fmc-v2/assets/2019-07-16_FMC
2019/7/17,projects/ee-hznu-fmc-v2/assets/2019-07-17_FMC
2019/7/18,projects/ee-hznu-fmc-v2/assets/2019-07-18_FMC
2019/7/19,projects/ee-hznu-fmc-v2/assets/2019-07-19_FMC
2019/7/20,projects/ee-hznu-fmc-v2/assets/2019-07-20_FMC
2019/7/21,projects/ee-hznu-fmc-v2/assets/2019-07-21_FMC
2019/7/22,projects/ee-hznu-fmc-v2/assets/2019-07-22_FMC
2019/7/23,projects/ee-hznu-fmc-v2/assets/2019-07-23_FMC
2019/7/24,projects/ee-hznu-fmc-v2/assets/2019-07-24_FMC
2019/7/25,projects/ee-hznu-fmc-v2/assets/2019-07-25_FMC
2019/7/26,projects/ee-hznu-fmc-v2/assets/2019-07-26_FMC
2019/7/27,projects/ee-hznu-fmc-v2/assets/2019-07-27_FMC
2019/7/28,projects/ee-hznu-fmc-v2/assets/2019-07-28_FMC
2019/7/29,projects/ee-hznu-fmc-v2/assets/2019-07-29_FMC
2019/7/30,projects/ee-hznu-fmc-v2/assets/2019-07-30_FMC
2019/7/31,projects/ee-hznu-fmc-v2/assets/2019-07-31_FMC
2019/8/1,projects/ee-hznu-fmc-v2/assets/2019-08-01_FMC
2019/8/2,projects/ee-hznu-fmc-v2/assets/2019-08-02_FMC
2019/8/3,projects/ee-hznu-fmc-v2/assets/2019-08-03_FMC
2019/8/4,projects/ee-hznu-fmc-v2/assets/2019-08-04_FMC
2019/8/5,projects/ee-hznu-fmc-v2/assets/2019-08-05_FMC
2019/8/6,projects/ee-hznu-fmc-v2/assets/2019-08-06_FMC
2019/8/7,projects/ee-hznu-fmc-v2/assets/2019-08-07_FMC
2019/8/8,projects/ee-hznu-fmc-v2/assets/2019-08-08_FMC
2019/8/9,projects/ee-hznu-fmc-v2/assets/2019-08-09_FMC
2019/8/10,projects/ee-hznu-fmc-v2/assets/2019-08-10_FMC
2019/8/11,projects/ee-hznu-fmc-v2/assets/2019-08-11_FMC
2019/8/12,projects/ee-hznu-fmc-v2/assets/2019-08-12_FMC
2019/8/13,projects/ee-hznu-fmc-v2/assets/2019-08-13_FMC
2019/8/14,projects/ee-hznu-fmc-v2/assets/2019-08-14_FMC
2019/8/15,projects/ee-hznu-fmc-v2/assets/2019-08-15_FMC
2019/8/16,projects/ee-hznu-fmc-v2/assets/2019-08-16_FMC
2019/8/17,projects/ee-hznu-fmc-v2/assets/2019-08-17_FMC
2019/8/18,projects/ee-hznu-fmc-v2/assets/2019-08-18_FMC
2019/8/19,projects/ee-hznu-fmc-v2/assets/2019-08-19_FMC
2019/8/20,projects/ee-hznu-fmc-v2/assets/2019-08-20_FMC
2019/8/21,projects/ee-hznu-fmc-v2/assets/2019-08-21_FMC
2019/8/22,projects/ee-hznu-fmc-v2/assets/2019-08-22_FMC
2019/8/23,projects/ee-hznu-fmc-v2/assets/2019-08-23_FMC
2019/8/24,projects/ee-hznu-fmc-v2/assets/2019-08-24_FMC
2019/8/25,projects/ee-hznu-fmc-v2/assets/2019-08-25_FMC
2019/8/26,projects/ee-hznu-fmc-v2/assets/2019-08-26_FMC
2019/8/27,projects/ee-hznu-fmc-v2/assets/2019-08-27_FMC
2019/8/28,projects/ee-hznu-fmc-v2/assets/2019-08-28_FMC
2019/8/29,projects/ee-hznu-fmc-v2/assets/2019-08-29_FMC
2019/8/30,projects/ee-hznu-fmc-v2/assets/2019-08-30_FMC
2019/8/31,projects/ee-hznu-fmc-v2/assets/2019-08-31_FMC
2019/9/1,projects/ee-hznu-fmc-v2/assets/2019-09-01_FMC
2019/9/2,projects/ee-hznu-fmc-v2/assets/2019-09-02_FMC
2019/9/3,projects/ee-hznu-fmc-v2/assets/2019-09-03_FMC
2019/9/4,projects/ee-hznu-fmc-v2/assets/2019-09-04_FMC
2019/9/5,projects/ee-hznu-fmc-v2/assets/2019-09-05_FMC
2019/9/6,projects/ee-hznu-fmc-v2/assets/2019-09-06_FMC
2019/9/7,projects/ee-hznu-fmc-v2/assets/2019-09-07_FMC
2019/9/8,projects/ee-hznu-fmc-v2/assets/2019-09-08_FMC
2019/9/9,projects/ee-hznu-fmc-v2/assets/2019-09-09_FMC
2019/9/10,projects/ee-hznu-fmc-v2/assets/2019-09-10_FMC
2019/9/11,projects/ee-hznu-fmc-v2/assets/2019-09-11_FMC
2019/9/12,projects/ee-hznu-fmc-v2/assets/2019-09-12_FMC
2019/9/13,projects/ee-hznu-fmc-v2/assets/2019-09-13_FMC
2019/9/14,projects/ee-hznu-fmc-v2/assets/2019-09-14_FMC
2019/9/15,projects/ee-hznu-fmc-v2/assets/2019-09-15_FMC
2019/9/16,projects/ee-hznu-fmc-v2/assets/2019-09-16_FMC
2019/9/17,projects/ee-hznu-fmc-v2/assets/2019-09-17_FMC
2019/9/18,projects/ee-hznu-fmc-v2/assets/2019-09-18_FMC
2019/9/19,projects/ee-hznu-fmc-v2/assets/2019-09-19_FMC
2019/9/20,projects/ee-hznu-fmc-v2/assets/2019-09-20_FMC
2019/9/21,projects/ee-hznu-fmc-v2/assets/2019-09-21_FMC
2019/9/22,projects/ee-hznu-fmc-v2/assets/2019-09-22_FMC
2019/9/23,projects/ee-hznu-fmc-v2/assets/2019-09-23_FMC
2019/9/24,projects/ee-hznu-fmc-v2/assets/2019-09-24_FMC
2019/9/25,projects/ee-hznu-fmc-v2/assets/2019-09-25_FMC
2019/9/26,projects/ee-hznu-fmc-v2/assets/2019-09-26_FMC
2019/9/27,projects/ee-hznu-fmc-v2/assets/2019-09-27_FMC
2019/9/28,projects/ee-hznu-fmc-v2/assets/2019-09-28_FMC
2019/9/29,projects/ee-hznu-fmc-v2/assets/2019-09-29_FMC
2019/9/30,projects/ee-hznu-fmc-v2/assets/2019-09-30_FMC
2019/10/1,
2019/10/2,
2019/10/3,
2019/10/4,
2019/10/5,
2019/10/6,
2019/10/7,
2019/10/8,
2019/10/9,
2019/10/10,
2019/10/11,
2019/10/12,
2019/10/13,
2019/10/14,
2019/10/15,
2019/10/16,
2019/10/17,
2019/10/18,
2019/10/19,
2019/10/20,
2019/10/21,
2019/10/22,
2019/10/23,
2019/10/24,
2019/10/25,
2019/10/26,
2019/10/27,
2019/10/28,
2019/10/29,
2019/10/30,
2019/10/31,
2019/11/1,
2019/11/2,
2019/11/3,
2019/11/4,
2019/11/5,
2019/11/6,
2019/11/7,
2019/11/8,
2019/11/9,
2019/11/10,
2019/11/11,
2019/11/12,
2019/11/13,
2019/11/14,
2019/11/15,
2019/11/16,
2019/11/17,
2019/11/18,
2019/11/19,
2019/11/20,
2019/11/21,
2019/11/22,
2019/11/23,
2019/11/24,
2019/11/25,
2019/11/26,
2019/11/27,
2019/11/28,
2019/11/29,
2019/11/30,
2019/12/1,
2019/12/2,
2019/12/3,
2019/12/4,
2019/12/5,
2019/12/6,
2019/12/7,
2019/12/8,
2019/12/9,
2019/12/10,
2019/12/11,
2019/12/12,
2019/12/13,
2019/12/14,
2019/12/15,
2019/12/16,
2019/12/17,
2019/12/18,
2019/12/19,
2019/12/20,
2019/12/21,
2019/12/22,
2019/12/23,
2019/12/24,
2019/12/25,
2019/12/26,
2019/12/27,
2019/12/28,
2019/12/29,
2019/12/30,
2019/12/31,
2020/1/1,
2020/1/2,
2020/1/3,
2020/1/4,
2020/1/5,
2020/1/6,
2020/1/7,
2020/1/8,
2020/1/9,
2020/1/10,
2020/1/11,
2020/1/12,
2020/1/13,
2020/1/14,
2020/1/15,
2020/1/16,
2020/1/17,
2020/1/18,
2020/1/19,
2020/1/20,
2020/1/21,
2020/1/22,
2020/1/23,
2020/1/24,
2020/1/25,
2020/1/26,
2020/1/27,
2020/1/28,
2020/1/29,
2020/1/30,
2020/1/31,
2020/2/1,
2020/2/2,
2020/2/3,
2020/2/4,
2020/2/5,
2020/2/6,
2020/2/7,
2020/2/8,
2020/2/9,
2020/2/10,
2020/2/11,
2020/2/12,
2020/2/13,
2020/2/14,
2020/2/15,
2020/2/16,
2020/2/17,
2020/2/18,
2020/2/19,
2020/2/20,
2020/2/21,
2020/2/22,
2020/2/23,
2020/2/24,
2020/2/25,
2020/2/26,
2020/2/27,
2020/2/28,
2020/2/29,
2020/3/1,
2020/3/2,
2020/3/3,
2020/3/4,
2020/3/5,
2020/3/6,
2020/3/7,
2020/3/8,
2020/3/9,
2020/3/10,
2020/3/11,
2020/3/12,
2020/3/13,
2020/3/14,
2020/3/15,
2020/3/16,
2020/3/17,
2020/3/18,
2020/3/19,
2020/3/20,
2020/3/21,
2020/3/22,
2020/3/23,
2020/3/24,
2020/3/25,
2020/3/26,
2020/3/27,
2020/3/28,
2020/3/29,
2020/3/30,
2020/3/31,
2020/4/1,
2020/4/2,
2020/4/3,
2020/4/4,
2020/4/5,
2020/4/6,
2020/4/7,
2020/4/8,
2020/4/9,
2020/4/10,
2020/4/11,
2020/4/12,
2020/4/13,
2020/4/14,
2020/4/15,
2020/4/16,
2020/4/17,
2020/4/18,
2020/4/19,
2020/4/20,
2020/4/21,
2020/4/22,
2020/4/23,
2020/4/24,
2020/4/25,
2020/4/26,
2020/4/27,
2020/4/28,
2020/4/29,
2020/4/30,
2020/5/1,
2020/5/2,
2020/5/3,
2020/5/4,
2020/5/5,
2020/5/6,
2020/5/7,
2020/5/8,
2020/5/9,
2020/5/10,
2020/5/11,
2020/5/12,
2020/5/13,
2020/5/14,
2020/5/15,
2020/5/16,
2020/5/17,
2020/5/18,
2020/5/19,
2020/5/20,
2020/5/21,
2020/5/22,
2020/5/23,
2020/5/24,
2020/5/25,
2020/5/26,
2020/5/27,
2020/5/28,
2020/5/29,
2020/5/30,
2020/5/31,
2020/6/1,
2020/6/2,
2020/6/3,
2020/6/4,
2020/6/5,
2020/6/6,
2020/6/7,
2020/6/8,
2020/6/9,
2020/6/10,
2020/6/11,
2020/6/12,
2020/6/13,
2020/6/14,
2020/6/15,
2020/6/16,
2020/6/17,
2020/6/18,
2020/6/19,
2020/6/20,
2020/6/21,
2020/6/22,
2020/6/23,
2020/6/24,
2020/6/25,
2020/6/26,
2020/6/27,
2020/6/28,
2020/6/29,
2020/6/30,
2020/7/1,
2020/7/2,
2020/7/3,
2020/7/4,
2020/7/5,
2020/7/6,
2020/7/7,
2020/7/8,
2020/7/9,
2020/7/10,
2020/7/11,
2020/7/12,
2020/7/13,
2020/7/14,
2020/7/15,
2020/7/16,
2020/7/17,
2020/7/18,
2020/7/19,
2020/7/20,
2020/7/21,
2020/7/22,
2020/7/23,
2020/7/24,
2020/7/25,
2020/7/26,
2020/7/27,
2020/7/28,
2020/7/29,
2020/7/30,
2020/7/31,
2020/8/1,
2020/8/2,
2020/8/3,
2020/8/4,
2020/8/5,
2020/8/6,
2020/8/7,
2020/8/8,
2020/8/9,
2020/8/10,
2020/8/11,
2020/8/12,
2020/8/13,
2020/8/14,
2020/8/15,
2020/8/16,
2020/8/17,
2020/8/18,
2020/8/19,
2020/8/20,
2020/8/21,
2020/8/22,
2020/8/23,
2020/8/24,
2020/8/25,
2020/8/26,
2020/8/27,
2020/8/28,
2020/8/29,
2020/8/30,
2020/8/31,
2020/9/1,
2020/9/2,
2020/9/3,
2020/9/4,
2020/9/5,
2020/9/6,
2020/9/7,
2020/9/8,
2020/9/9,
2020/9/10,
2020/9/11,
2020/9/12,
2020/9/13,
2020/9/14,
2020/9/15,
2020/9/16,
2020/9/17,
2020/9/18,
2020/9/19,
2020/9/20,
2020/9/21,
2020/9/22,
2020/9/23,
2020/9/24,
2020/9/25,
2020/9/26,
2020/9/27,
2020/9/28,
2020/9/29,
2020/9/30,
2020/10/1,
2020/10/2,
2020/10/3,
2020/10/4,
2020/10/5,
2020/10/6,
2020/10/7,
2020/10/8,
2020/10/9,
2020/10/10,
2020/10/11,
2020/10/12,
2020/10/13,
2020/10/14,
2020/10/15,
2020/10/16,
2020/10/17,
2020/10/18,
2020/10/19,
2020/10/20,
2020/10/21,
2020/10/22,
2020/10/23,
2020/10/24,
2020/10/25,
2020/10/26,
2020/10/27,
2020/10/28,
2020/10/29,
2020/10/30,
2020/10/31,
2020/11/1,
2020/11/2,
2020/11/3,
2020/11/4,
2020/11/5,
2020/11/6,
2020/11/7,
2020/11/8,
2020/11/9,
2020/11/10,
2020/11/11,
2020/11/12,
2020/11/13,
2020/11/14,
2020/11/15,
2020/11/16,
2020/11/17,
2020/11/18,
2020/11/19,
2020/11/20,
2020/11/21,
2020/11/22,
2020/11/23,
2020/11/24,
2020/11/25,
2020/11/26,
2020/11/27,
2020/11/28,
2020/11/29,
2020/11/30,
2020/12/1,
2020/12/2,
2020/12/3,
2020/12/4,
2020/12/5,
2020/12/6,
2020/12/7,
2020/12/8,
2020/12/9,
2020/12/10,
2020/12/11,
2020/12/12,
2020/12/13,
2020/12/14,
2020/12/15,
2020/12/16,
2020/12/17,
2020/12/18,
2020/12/19,
2020/12/20,
2020/12/21,
2020/12/22,
2020/12/23,
2020/12/24,
2020/12/25,
2020/12/26,
2020/12/27,
2020/12/28,
2020/12/29,
2020/12/30,
2020/12/31,
2021/1/1,
2021/1/2,
2021/1/3,
2021/1/4,
2021/1/5,
2021/1/6,
2021/1/7,
2021/1/8,
2021/1/9,
2021/1/10,
2021/1/11,
2021/1/12,
2021/1/13,
2021/1/14,
2021/1/15,
2021/1/16,
2021/1/17,
2021/1/18,
2021/1/19,
2021/1/20,
2021/1/21,
2021/1/22,
2021/1/23,
2021/1/24,
2021/1/25,
2021/1/26,
2021/1/27,
2021/1/28,
2021/1/29,
2021/1/30,
2021/1/31,
2021/2/1,
2021/2/2,
2021/2/3,
2021/2/4,
2021/2/5,
2021/2/6,
2021/2/7,
2021/2/8,
2021/2/9,
2021/2/10,
2021/2/11,
2021/2/12,
2021/2/13,
2021/2/14,
2021/2/15,
2021/2/16,
2021/2/17,
2021/2/18,
2021/2/19,
2021/2/20,
2021/2/21,
2021/2/22,
2021/2/23,
2021/2/24,
2021/2/25,
2021/2/26,
2021/2/27,
2021/2/28,
2021/3/1,
2021/3/2,
2021/3/3,
2021/3/4,
2021/3/5,
2021/3/6,
2021/3/7,
2021/3/8,
2021/3/9,
2021/3/10,
2021/3/11,
2021/3/12,
2021/3/13,
2021/3/14,
2021/3/15,
2021/3/16,
2021/3/17,
2021/3/18,
2021/3/19,
2021/3/20,
2021/3/21,
2021/3/22,
2021/3/23,
2021/3/24,
2021/3/25,
2021/3/26,
2021/3/27,
2021/3/28,
2021/3/29,
2021/3/30,
2021/3/31,
2021/4/1,
2021/4/2,
2021/4/3,
2021/4/4,
2021/4/5,
2021/4/6,
2021/4/7,
2021/4/8,
2021/4/9,
2021/4/10,
2021/4/11,
2021/4/12,
2021/4/13,
2021/4/14,
2021/4/15,
2021/4/16,
2021/4/17,
2021/4/18,
2021/4/19,
2021/4/20,
2021/4/21,
2021/4/22,
2021/4/23,
2021/4/24,
2021/4/25,
2021/4/26,
2021/4/27,
2021/4/28,
2021/4/29,
2021/4/30,
2021/5/1,
2021/5/2,
2021/5/3,
2021/5/4,
2021/5/5,
2021/5/6,
2021/5/7,
2021/5/8,
2021/5/9,
2021/5/10,
2021/5/11,
2021/5/12,
2021/5/13,
2021/5/14,
2021/5/15,
2021/5/16,
2021/5/17,
2021/5/18,
2021/5/19,
2021/5/20,
2021/5/21,
2021/5/22,
2021/5/23,
2021/5/24,
2021/5/25,
2021/5/26,
2021/5/27,
2021/5/28,
2021/5/29,
2021/5/30,
2021/5/31,
2021/6/1,
2021/6/2,
2021/6/3,
2021/6/4,
2021/6/5,
2021/6/6,
2021/6/7,
2021/6/8,
2021/6/9,
2021/6/10,
2021/6/11,
2021/6/12,
2021/6/13,
2021/6/14,
2021/6/15,
2021/6/16,
2021/6/17,
2021/6/18,
2021/6/19,
2021/6/20,
2021/6/21,
2021/6/22,
2021/6/23,
2021/6/24,
2021/6/25,
2021/6/26,
2021/6/27,
2021/6/28,
2021/6/29,
2021/6/30,
2021/7/1,
2021/7/2,
2021/7/3,
2021/7/4,
2021/7/5,
2021/7/6,
2021/7/7,
2021/7/8,
2021/7/9,
2021/7/10,
2021/7/11,
2021/7/12,
2021/7/13,
2021/7/14,
2021/7/15,
2021/7/16,
2021/7/17,
2021/7/18,
2021/7/19,
2021/7/20,
2021/7/21,
2021/7/22,
2021/7/23,
2021/7/24,
2021/7/25,
2021/7/26,
2021/7/27,
2021/7/28,
2021/7/29,
2021/7/30,
2021/7/31,
2021/8/1,
2021/8/2,
2021/8/3,
2021/8/4,
2021/8/5,
2021/8/6,
2021/8/7,
2021/8/8,
2021/8/9,
2021/8/10,
2021/8/11,
2021/8/12,
2021/8/13,
2021/8/14,
2021/8/15,
2021/8/16,
2021/8/17,
2021/8/18,
2021/8/19,
2021/8/20,
2021/8/21,
2021/8/22,
2021/8/23,
2021/8/24,
2021/8/25,
2021/8/26,
2021/8/27,
2021/8/28,
2021/8/29,
2021/8/30,
2021/8/31,
2021/9/1,
2021/9/2,
2021/9/3,
2021/9/4,
2021/9/5,
2021/9/6,
2021/9/7,
2021/9/8,
2021/9/9,
2021/9/10,
2021/9/11,
2021/9/12,
2021/9/13,
2021/9/14,
2021/9/15,
2021/9/16,
2021/9/17,
2021/9/18,
2021/9/19,
2021/9/20,
2021/9/21,
2021/9/22,
2021/9/23,
2021/9/24,
2021/9/25,
2021/9/26,
2021/9/27,
2021/9/28,
2021/9/29,
2021/9/30,
2021/10/1,
2021/10/2,
2021/10/3,
2021/10/4,
2021/10/5,
2021/10/6,
2021/10/7,
2021/10/8,
2021/10/9,
2021/10/10,
2021/10/11,
2021/10/12,
2021/10/13,
2021/10/14,
2021/10/15,
2021/10/16,
2021/10/17,
2021/10/18,
2021/10/19,
2021/10/20,
2021/10/21,
2021/10/22,
2021/10/23,
2021/10/24,
2021/10/25,
2021/10/26,
2021/10/27,
2021/10/28,
2021/10/29,
2021/10/30,
2021/10/31,
2021/11/1,
2021/11/2,
2021/11/3,
2021/11/4,
2021/11/5,
2021/11/6,
2021/11/7,
2021/11/8,
2021/11/9,
2021/11/10,
2021/11/11,
2021/11/12,
2021/11/13,
2021/11/14,
2021/11/15,
2021/11/16,
2021/11/17,
2021/11/18,
2021/11/19,
2021/11/20,
2021/11/21,
2021/11/22,
2021/11/23,
2021/11/24,
2021/11/25,
2021/11/26,
2021/11/27,
2021/11/28,
2021/11/29,
2021/11/30,
2021/12/1,
2021/12/2,
2021/12/3,
2021/12/4,
2021/12/5,
2021/12/6,
2021/12/7,
2021/12/8,
2021/12/9,
2021/12/10,
2021/12/11,
2021/12/12,
2021/12/13,
2021/12/14,
2021/12/15,
2021/12/16,
2021/12/17,
2021/12/18,
2021/12/19,
2021/12/20,
2021/12/21,
2021/12/22,
2021/12/23,
2021/12/24,
2021/12/25,
2021/12/26,
2021/12/27,
2021/12/28,
2021/12/29,
2021/12/30,
2021/12/31,
2022/1/1,
2022/1/2,
2022/1/3,
2022/1/4,
2022/1/5,
2022/1/6,
2022/1/7,
2022/1/8,
2022/1/9,
2022/1/10,
2022/1/11,
2022/1/12,
2022/1/13,
2022/1/14,
2022/1/15,
2022/1/16,
2022/1/17,
2022/1/18,
2022/1/19,
2022/1/20,
2022/1/21,
2022/1/22,
2022/1/23,
2022/1/24,
2022/1/25,
2022/1/26,
2022/1/27,
2022/1/28,
2022/1/29,
2022/1/30,
2022/1/31,
2022/2/1,
2022/2/2,
2022/2/3,
2022/2/4,
2022/2/5,
2022/2/6,
2022/2/7,
2022/2/8,
2022/2/9,
2022/2/10,
2022/2/11,
2022/2/12,
2022/2/13,
2022/2/14,
2022/2/15,
2022/2/16,
2022/2/17,
2022/2/18,
2022/2/19,
2022/2/20,
2022/2/21,
2022/2/22,
2022/2/23,
2022/2/24,
2022/2/25,
2022/2/26,
2022/2/27,
2022/2/28,
2022/3/1,
2022/3/2,
2022/3/3,
2022/3/4,
2022/3/5,
2022/3/6,
2022/3/7,
2022/3/8,
2022/3/9,
2022/3/10,
2022/3/11,
2022/3/12,
2022/3/13,
2022/3/14,
2022/3/15,
2022/3/16,
2022/3/17,
2022/3/18,
2022/3/19,
2022/3/20,
2022/3/21,
2022/3/22,
2022/3/23,
2022/3/24,
2022/3/25,
2022/3/26,
2022/3/27,
2022/3/28,
2022/3/29,
2022/3/30,
2022/3/31,
2022/4/1,
2022/4/2,
2022/4/3,
2022/4/4,
2022/4/5,
2022/4/6,
2022/4/7,
2022/4/8,
2022/4/9,
2022/4/10,
2022/4/11,
2022/4/12,
2022/4/13,
2022/4/14,
2022/4/15,
2022/4/16,
2022/4/17,
2022/4/18,
2022/4/19,
2022/4/20,
2022/4/21,
2022/4/22,
2022/4/23,
2022/4/24,
2022/4/25,
2022/4/26,
2022/4/27,
2022/4/28,
2022/4/29,
2022/4/30,
2022/5/1,
2022/5/2,
2022/5/3,
2022/5/4,
2022/5/5,
2022/5/6,
2022/5/7,
2022/5/8,
2022/5/9,
2022/5/10,
2022/5/11,
2022/5/12,
2022/5/13,
2022/5/14,
2022/5/15,
2022/5/16,
2022/5/17,
2022/5/18,
2022/5/19,
2022/5/20,
2022/5/21,
2022/5/22,
2022/5/23,
2022/5/24,
2022/5/25,
2022/5/26,
2022/5/27,
2022/5/28,
2022/5/29,
2022/5/30,
2022/5/31,
2022/6/1,
2022/6/2,
2022/6/3,
2022/6/4,
2022/6/5,
2022/6/6,
2022/6/7,
2022/6/8,
2022/6/9,
2022/6/10,
2022/6/11,
2022/6/12,
2022/6/13,
2022/6/14,
2022/6/15,
2022/6/16,
2022/6/17,
2022/6/18,
2022/6/19,
2022/6/20,
2022/6/21,
2022/6/22,
2022/6/23,
2022/6/24,
2022/6/25,
2022/6/26,
2022/6/27,
2022/6/28,
2022/6/29,
2022/6/30,
2022/7/1,
2022/7/2,
2022/7/3,
2022/7/4,
2022/7/5,
2022/7/6,
2022/7/7,
2022/7/8,
2022/7/9,
2022/7/10,
2022/7/11,
2022/7/12,
2022/7/13,
2022/7/14,
2022/7/15,
2022/7/16,
2022/7/17,
2022/7/18,
2022/7/19,
2022/7/20,
2022/7/21,
2022/7/22,
2022/7/23,
2022/7/24,
2022/7/25,
2022/7/26,
2022/7/27,
2022/7/28,
2022/7/29,
2022/7/30,
2022/7/31,
2022/8/1,
2022/8/2,
2022/8/3,
2022/8/4,
2022/8/5,
2022/8/6,
2022/8/7,
2022/8/8,
2022/8/9,
2022/8/10,
2022/8/11,
2022/8/12,
2022/8/13,
2022/8/14,
2022/8/15,
2022/8/16,
2022/8/17,
2022/8/18,
2022/8/19,
2022/8/20,
2022/8/21,
2022/8/22,
2022/8/23,
2022/8/24,
2022/8/25,
2022/8/26,
2022/8/27,
2022/8/28,
2022/8/29,
2022/8/30,
2022/8/31,
2022/9/1,
2022/9/2,
2022/9/3,
2022/9/4,
2022/9/5,
2022/9/6,
2022/9/7,
2022/9/8,
2022/9/9,
2022/9/10,
2022/9/11,
2022/9/12,
2022/9/13,
2022/9/14,
2022/9/15,
2022/9/16,
2022/9/17,
2022/9/18,
2022/9/19,
2022/9/20,
2022/9/21,
2022/9/22,
2022/9/23,
2022/9/24,
2022/9/25,
2022/9/26,
2022/9/27,
2022/9/28,
2022/9/29,
2022/9/30,
2022/10/1,
2022/10/2,
2022/10/3,
2022/10/4,
2022/10/5,
2022/10/6,
2022/10/7,
2022/10/8,
2022/10/9,
2022/10/10,
2022/10/11,
2022/10/12,
2022/10/13,
2022/10/14,
2022/10/15,
2022/10/16,
2022/10/17,
2022/10/18,
2022/10/19,
2022/10/20,
2022/10/21,
2022/10/22,
2022/10/23,
2022/10/24,
2022/10/25,
2022/10/26,
2022/10/27,
2022/10/28,
2022/10/29,
2022/10/30,
2022/10/31,
2022/11/1,
2022/11/2,
2022/11/3,
2022/11/4,
2022/11/5,
2022/11/6,
2022/11/7,
2022/11/8,
2022/11/9,
2022/11/10,
2022/11/11,
2022/11/12,
2022/11/13,
2022/11/14,
2022/11/15,
2022/11/16,
2022/11/17,
2022/11/18,
2022/11/19,
2022/11/20,
2022/11/21,
2022/11/22,
2022/11/23,
2022/11/24,
2022/11/25,
2022/11/26,
2022/11/27,
2022/11/28,
2022/11/29,
2022/11/30,
2022/12/1,
2022/12/2,
2022/12/3,
2022/12/4,
2022/12/5,
2022/12/6,
2022/12/7,
2022/12/8,
2022/12/9,
2022/12/10,
2022/12/11,
2022/12/12,
2022/12/13,
2022/12/14,
2022/12/15,
2022/12/16,
2022/12/17,
2022/12/18,
2022/12/19,
2022/12/20,
2022/12/21,
2022/12/22,
2022/12/23,
2022/12/24,
2022/12/25,
2022/12/26,
2022/12/27,
2022/12/28,
2022/12/29,
2022/12/30,
2022/12/31,
2023/1/1,
2023/1/2,
2023/1/3,
2023/1/4,
2023/1/5,
2023/1/6,
2023/1/7,
2023/1/8,
2023/1/9,
2023/1/10,
2023/1/11,
2023/1/12,
2023/1/13,
2023/1/14,
2023/1/15,
2023/1/16,
2023/1/17,
2023/1/18,
2023/1/19,
2023/1/20,
2023/1/21,
2023/1/22,
2023/1/23,
2023/1/24,
2023/1/25,
2023/1/26,
2023/1/27,
2023/1/28,
2023/1/29,
2023/1/30,
2023/1/31,
2023/2/1,
2023/2/2,
2023/2/3,
2023/2/4,
2023/2/5,
2023/2/6,
2023/2/7,
2023/2/8,
2023/2/9,
2023/2/10,
2023/2/11,
2023/2/12,
2023/2/13,
2023/2/14,
2023/2/15,
2023/2/16,
2023/2/17,
2023/2/18,
2023/2/19,
2023/2/20,
2023/2/21,
2023/2/22,
2023/2/23,
2023/2/24,
2023/2/25,
2023/2/26,
2023/2/27,
2023/2/28,
2023/3/1,
2023/3/2,
2023/3/3,
2023/3/4,
2023/3/5,
2023/3/6,
2023/3/7,
2023/3/8,
2023/3/9,
2023/3/10,
2023/3/11,
2023/3/12,
2023/3/13,
2023/3/14,
2023/3/15,
2023/3/16,
2023/3/17,
2023/3/18,
2023/3/19,
2023/3/20,
2023/3/21,
2023/3/22,
2023/3/23,
2023/3/24,
2023/3/25,
2023/3/26,
2023/3/27,
2023/3/28,
2023/3/29,
2023/3/30,
2023/3/31,
2023/4/1,
2023/4/2,
2023/4/3,
2023/4/4,
2023/4/5,
2023/4/6,
2023/4/7,
2023/4/8,
2023/4/9,
2023/4/10,
2023/4/11,
2023/4/12,
2023/4/13,
2023/4/14,
2023/4/15,
2023/4/16,
2023/4/17,
2023/4/18,
2023/4/19,
2023/4/20,
2023/4/21,
2023/4/22,
2023/4/23,
2023/4/24,
2023/4/25,
2023/4/26,
2023/4/27,
2023/4/28,
2023/4/29,
2023/4/30,
2023/5/1,
2023/5/2,
2023/5/3,
2023/5/4,
2023/5/5,
2023/5/6,
2023/5/7,
2023/5/8,
2023/5/9,
2023/5/10,
2023/5/11,
2023/5/12,
2023/5/13,
2023/5/14,
2023/5/15,
2023/5/16,
2023/5/17,
2023/5/18,
2023/5/19,
2023/5/20,
2023/5/21,
2023/5/22,
2023/5/23,
2023/5/24,
2023/5/25,
2023/5/26,
2023/5/27,
2023/5/28,
2023/5/29,
2023/5/30,
2023/5/31,
2023/6/1,
2023/6/2,
2023/6/3,
2023/6/4,
2023/6/5,
2023/6/6,
2023/6/7,
2023/6/8,
2023/6/9,
2023/6/10,
2023/6/11,
2023/6/12,
2023/6/13,
2023/6/14,
2023/6/15,
2023/6/16,
2023/6/17,
2023/6/18,
2023/6/19,
2023/6/20,
2023/6/21,
2023/6/22,
2023/6/23,
2023/6/24,
2023/6/25,
2023/6/26,
2023/6/27,
2023/6/28,
2023/6/29,
2023/6/30,
2023/7/1,
2023/7/2,
2023/7/3,
2023/7/4,
2023/7/5,
2023/7/6,
2023/7/7,
2023/7/8,
2023/7/9,
2023/7/10,
2023/7/11,
2023/7/12,
2023/7/13,
2023/7/14,
2023/7/15,
2023/7/16,
2023/7/17,
2023/7/18,
2023/7/19,
2023/7/20,
2023/7/21,
2023/7/22,
2023/7/23,
2023/7/24,
2023/7/25,
2023/7/26,
2023/7/27,
2023/7/28,
2023/7/29,
2023/7/30,
2023/7/31,
2023/8/1,
2023/8/2,
2023/8/3,
2023/8/4,
2023/8/5,
2023/8/6,
2023/8/7,
2023/8/8,
2023/8/9,
2023/8/10,
2023/8/11,
2023/8/12,
2023/8/13,
2023/8/14,
2023/8/15,
2023/8/16,
2023/8/17,
2023/8/18,
2023/8/19,
2023/8/20,
2023/8/21,
2023/8/22,
2023/8/23,
2023/8/24,
2023/8/25,
2023/8/26,
2023/8/27,
2023/8/28,
2023/8/29,
2023/8/30,
2023/8/31,
2023/9/1,
2023/9/2,
2023/9/3,
2023/9/4,
2023/9/5,
2023/9/6,
2023/9/7,
2023/9/8,
2023/9/9,
2023/9/10,
2023/9/11,
2023/9/12,
2023/9/13,
2023/9/14,
2023/9/15,
2023/9/16,
2023/9/17,
2023/9/18,
2023/9/19,
2023/9/20,
2023/9/21,
2023/9/22,
2023/9/23,
2023/9/24,
2023/9/25,
2023/9/26,
2023/9/27,
2023/9/28,
2023/9/29,
2023/9/30,
2023/10/1,
2023/10/2,
2023/10/3,
2023/10/4,
2023/10/5,
2023/10/6,
2023/10/7,
2023/10/8,
2023/10/9,
2023/10/10,
2023/10/11,
2023/10/12,
2023/10/13,
2023/10/14,
2023/10/15,
2023/10/16,
2023/10/17,
2023/10/18,
2023/10/19,
2023/10/20,
2023/10/21,
2023/10/22,
2023/10/23,
2023/10/24,
2023/10/25,
2023/10/26,
2023/10/27,
2023/10/28,
2023/10/29,
2023/10/30,
2023/10/31,
2023/11/1,
2023/11/2,
2023/11/3,
2023/11/4,
2023/11/5,
2023/11/6,
2023/11/7,
2023/11/8,
2023/11/9,
2023/11/10,
2023/11/11,
2023/11/12,
2023/11/13,
2023/11/14,
2023/11/15,
2023/11/16,
2023/11/17,
2023/11/18,
2023/11/19,
2023/11/20,
2023/11/21,
2023/11/22,
2023/11/23,
2023/11/24,
2023/11/25,
2023/11/26,
2023/11/27,
2023/11/28,
2023/11/29,
2023/11/30,
2023/12/1,
2023/12/2,
2023/12/3,
2023/12/4,
2023/12/5,
2023/12/6,
2023/12/7,
2023/12/8,
2023/12/9,
2023/12/10,
2023/12/11,
2023/12/12,
2023/12/13,
2023/12/14,
2023/12/15,
2023/12/16,
2023/12/17,
2023/12/18,
2023/12/19,
2023/12/20,
2023/12/21,
2023/12/22,
2023/12/23,
2023/12/24,
2023/12/25,
2023/12/26,
2023/12/27,
2023/12/28,
2023/12/29,
2023/12/30,
2023/12/31,
2024/1/1,
2024/1/2,
2024/1/3,
2024/1/4,
2024/1/5,
2024/1/6,
2024/1/7,
2024/1/8,
2024/1/9,
2024/1/10,
2024/1/11,
2024/1/12,
2024/1/13,
2024/1/14,
2024/1/15,
2024/1/16,
2024/1/17,
2024/1/18,
2024/1/19,
2024/1/20,
2024/1/21,
2024/1/22,
2024/1/23,
2024/1/24,
2024/1/25,
2024/1/26,
2024/1/27,
2024/1/28,
2024/1/29,
2024/1/30,
2024/1/31,
2024/2/1,
2024/2/2,
2024/2/3,
2024/2/4,
2024/2/5,
2024/2/6,
2024/2/7,
2024/2/8,
2024/2/9,
2024/2/10,
2024/2/11,
2024/2/12,
2024/2/13,
2024/2/14,
2024/2/15,
2024/2/16,
2024/2/17,
2024/2/18,
2024/2/19,
2024/2/20,
2024/2/21,
2024/2/22,
2024/2/23,
2024/2/24,
2024/2/25,
2024/2/26,
2024/2/27,
2024/2/28,
2024/2/29,
2024/3/1,
2024/3/2,
2024/3/3,
2024/3/4,
2024/3/5,
2024/3/6,
2024/3/7,
2024/3/8,
2024/3/9,
2024/3/10,
2024/3/11,
2024/3/12,
2024/3/13,
2024/3/14,
2024/3/15,
2024/3/16,
2024/3/17,
2024/3/18,
2024/3/19,
2024/3/20,
2024/3/21,
2024/3/22,
2024/3/23,
2024/3/24,
2024/3/25,
2024/3/26,
2024/3/27,
2024/3/28,
2024/3/29,
2024/3/30,
2024/3/31,
2024/4/1,
2024/4/2,
2024/4/3,
2024/4/4,
2024/4/5,
2024/4/6,
2024/4/7,
2024/4/8,
2024/4/9,
2024/4/10,
2024/4/11,
2024/4/12,
2024/4/13,
2024/4/14,
2024/4/15,
2024/4/16,
2024/4/17,
2024/4/18,
2024/4/19,
2024/4/20,
2024/4/21,
2024/4/22,
2024/4/23,
2024/4/24,
2024/4/25,
2024/4/26,
2024/4/27,
2024/4/28,
2024/4/29,
2024/4/30,
2024/5/1,
2024/5/2,
2024/5/3,
2024/5/4,
2024/5/5,
2024/5/6,
2024/5/7,
2024/5/8,
2024/5/9,
2024/5/10,
2024/5/11,
2024/5/12,
2024/5/13,
2024/5/14,
2024/5/15,
2024/5/16,
2024/5/17,
2024/5/18,
2024/5/19,
2024/5/20,
2024/5/21,
2024/5/22,
2024/5/23,
2024/5/24,
2024/5/25,
2024/5/26,
2024/5/27,
2024/5/28,
2024/5/29,
2024/5/30,
2024/5/31,
2024/6/1,
2024/6/2,
2024/6/3,
2024/6/4,
2024/6/5,
2024/6/6,
2024/6/7,
2024/6/8,
2024/6/9,
2024/6/10,
2024/6/11,
2024/6/12,
2024/6/13,
2024/6/14,
2024/6/15,
2024/6/16,
2024/6/17,
2024/6/18,
2024/6/19,
2024/6/20,
2024/6/21,
2024/6/22,
2024/6/23,
2024/6/24,
2024/6/25,
2024/6/26,
2024/6/27,
2024/6/28,
2024/6/29,
2024/6/30,
2024/7/1,
2024/7/2,
2024/7/3,
2024/7/4,
2024/7/5,
2024/7/6,
2024/7/7,
2024/7/8,
2024/7/9,
2024/7/10,
2024/7/11,
2024/7/12,
2024/7/13,
2024/7/14,
2024/7/15,
2024/7/16,
2024/7/17,
2024/7/18,
2024/7/19,
2024/7/20,
2024/7/21,
2024/7/22,
2024/7/23,
2024/7/24,
2024/7/25,
2024/7/26,
2024/7/27,
2024/7/28,
2024/7/29,
2024/7/30,
2024/7/31,
2024/8/1,
2024/8/2,
2024/8/3,
2024/8/4,
2024/8/5,
2024/8/6,
2024/8/7,
2024/8/8,
2024/8/9,
2024/8/10,
2024/8/11,
2024/8/12,
2024/8/13,
2024/8/14,
2024/8/15,
2024/8/16,
2024/8/17,
2024/8/18,
2024/8/19,
2024/8/20,
2024/8/21,
2024/8/22,
2024/8/23,
2024/8/24,
2024/8/25,
2024/8/26,
2024/8/27,
2024/8/28,
2024/8/29,
2024/8/30,
2024/8/31,
2024/9/1,
2024/9/2,
2024/9/3,
2024/9/4,
2024/9/5,
2024/9/6,
2024/9/7,
2024/9/8,
2024/9/9,
2024/9/10,
2024/9/11,
2024/9/12,
2024/9/13,
2024/9/14,
2024/9/15,
2024/9/16,
2024/9/17,
2024/9/18,
2024/9/19,
2024/9/20,
2024/9/21,
2024/9/22,
2024/9/23,
2024/9/24,
2024/9/25,
2024/9/26,
2024/9/27,
2024/9/28,
2024/9/29,
2024/9/30,
2024/10/1,
2024/10/2,
2024/10/3,
2024/10/4,
2024/10/5,
2024/10/6,
2024/10/7,
2024/10/8,
2024/10/9,
2024/10/10,
2024/10/11,
2024/10/12,
2024/10/13,
2024/10/14,
2024/10/15,
2024/10/16,
2024/10/17,
2024/10/18,
2024/10/19,
2024/10/20,
2024/10/21,
2024/10/22,
2024/10/23,
2024/10/24,
2024/10/25,
2024/10/26,
2024/10/27,
2024/10/28,
2024/10/29,
2024/10/30,
2024/10/31,
2024/11/1,
2024/11/2,
2024/11/3,
2024/11/4,
2024/11/5,
2024/11/6,
2024/11/7,
2024/11/8,
2024/11/9,
2024/11/10,
2024/11/11,
2024/11/12,
2024/11/13,
2024/11/14,
2024/11/15,
2024/11/16,
2024/11/17,
2024/11/18,
2024/11/19,
2024/11/20,
2024/11/21,
2024/11/22,
2024/11/23,
2024/11/24,
2024/11/25,
2024/11/26,
2024/11/27,
2024/11/28,
2024/11/29,
2024/11/30,
2024/12/1,
2024/12/2,
2024/12/3,
2024/12/4,
2024/12/5,
2024/12/6,
2024/12/7,
2024/12/8,
2024/12/9,
2024/12/10,
2024/12/11,
2024/12/12,
2024/12/13,
2024/12/14,
2024/12/15,
2024/12/16,
2024/12/17,
2024/12/18,
2024/12/19,
2024/12/20,
2024/12/21,
2024/12/22,
2024/12/23,
2024/12/24,
2024/12/25,
2024/12/26,
2024/12/27,
2024/12/28,
2024/12/29,
2024/12/30,
2024/12/31,
